key_localidade;division_name;region_name;country;state;city
0d57a97909fb63c88098ae158e08995f28d7b640b9029bda19ea0b8f1a802519;International;International;IR;Não Informado;N-0598 Oslo
fde543c70b0e9bc8d9801aa7f76d6fdffd19adce85030fb74bfb7a1d9ae6d3d8;Domestic;Central;US;IA;New Hampton
b35ea583d64ff36e91cc86d0014f2b6870a349645bcf51f0c57bd6ae4f3f075d;Domestic;Western;US;CA;Huntington Beach
4bababb4ed560f51b15fcde1a9eeb10862367229edafdb744fec5e17965372a8;International;Canada;CA;ON;Mississauga
da751624dfd29c58922a9db8924db94efea3c02774096b32675bc7a0fbd37151;Domestic;Southern;US;TX;Dallas
06cca3887e9036d7b0988839a1d6e793f7f752a567c4cc17c3b811dfb04fc0de;Domestic;Western;US;WA;Yakama
4dc25963fac40ce9f27c82ac10eb6789695733b1a40cefbaa8a8682ca50f45e3;Domestic;Southern;US;MS;Greenwood
53c5785493bc683c6ba59d4b84190bfc0e4c69652fcd21a6ae0488eb92b6ac66;International;International;Não Informado;Não Informado;Não Informado
10c9bb9e9a9f7544a2e172798380c3219582576b587ca6349b87a32d8897b9c9;International;Canada;CA;ON;Ingersoll
ba653668993ea50e09123239da7c1f423d661af37ba5eea7f1dabedc8268bd38;International;Canada;CA;AB;Edmonton
63aabad2c288e2ae2cc8353f8d1cd3e8f019bfe0da752f77ef31dc1118544d8f;Domestic;Southern;US;FL;Ocala
3625dda5b8cf20c1638ccb78376da67f3cff1b80c4b7e83417f0ad967cd6cdb4;Domestic;Southern;US;AR;Little Rock
124e4a5c8a601c8beb96c66a24fbaa559bbe80beb6c7ea57172acb997691563d;Domestic;Central;US;OH;Columbiana
70e907ba1a22250878c34271bac4c4bb71465afb349f252c004a7dda796bc3d8;Domestic;Western;US;CA;Sacramento
2e0974db4b924a56b2205202ff0bc9af5d4bca43457f2effd3db26e1e4647b04;Domestic;Southern;US;GA;Villa Rica
37fb99f719a9930107b5bb75872be990deaf1e5984e1834338965fb522b3c9da;International;Canada;CA;SK;Regina
dbaeb8cd7f2d07b473f3d13712533d316ff16de9fd9bcf7f83326f1bcdad61da;Domestic;Central;US;KS;Ottawa
6a0a8c058a7b7d743679e67a03c6ec54895e53d0b8b865f564f694ca890f458d;International;International;UK;Não Informado;Sao Paulo
9135286723cd84e3d547c157329d83f2053e305a13f4513f4e956d0ef20abe14;Domestic;Central;US;WI;Milwaukie
dd3fb84fa5343881c3d673958c7eb33fa6e22045373c57d160622f1604dd4a0d;Domestic;Western;US;CA;Maxwell
a5f796c13319ff9ebd8d03c9c853eb130e21a9a2ad0bc2ad02a8fa1048e344a5;Domestic;Central;US;KS;Overland Park
5dbef6b3d8ea9e9bc0336055d8284d34071969ebe00aec3d74ff584b6eebec49;International;Canada;CA;SK;Saskatoon
c4ccb8ecc22faf80a68d8c95518a1a5fb19ed347faac1c2968bc03060ca7bb22;Domestic;Central;US;IL;Chicago
e8ad62cc56cc881fd5879d93b417a182fa56fef900c2e1cb5c028bb064a16894;Domestic;Western;US;CA;Rancho Cordova
70fdbbd9ca74253c3c712408f6d8657138bc36749743b6edd26c653b8e0a7424;Domestic;Central;US;KS;Overland Park
a56799751e4c5e4a4c1e6f932fb545dce8a81c8bb382efc735ad8ac821a68bac;Domestic;Southern;US;TX;El Paso
4b4d760ef4e020b12fe2a6e8f8989c103ef61c440f4337d3902a2ebcbaa0729c;Domestic;Central;US;IA;Sioux Center
c0ec9112940a10c24abda760425c71a867c0c31b1b41055a477c3db62dcca4fa;International;Canada;CA;AB;Edmonton
16ca041d9a363685b5fbb123f15ca8ed8e8b0d431858c661919ab43fb5fc174f;Domestic;Western;US;MT;Bozeman
26ca23fffe930dab79e0a1629a1a9a066ecdb24ffcdc16792a4500af86795945;International;International;AU;Não Informado;112 Reyjavik
9c1c5b385a594a8740c282295b39de4cc0da3ca833494fade8f513f407d08dbc;Domestic;Southern;US;OK;Okarche
cbac93ff090ea19e0fdfa1287618576e22793467a5c6857e37029ca1fd3ef40f;Domestic;Western;US;OR;Portland
b0012fe1670393a810e8a0896d81a62a84c932799d5506a3ae90d64f89bf9ebe;Domestic;Central;US;IN;Elkhart
74af2018c8975992099683248ac616a8c5da7add72ef718cde7c944e420cd301;International;International;AU;Não Informado;Kanagawa
200836a7c96454829b6f8bbff04cc0a0443a3926fd31f6a83ff94b414711e70b;Domestic;Central;US;IN;Indianapolis
2b1b5c9f2ae4ea20dc7fbc2e4200293a630f149d23acb46c25ebf4cec4638242;Domestic;Central;US;IN;Fairmount
b8883bb4b1dfef91fcd1e7e09911f421e7b1bd39be0e8c31668ae37ac53a0751;Domestic;Central;US;KS;Overland Park
c58596695ad7b93e16afcbed14f2146b9cf3bb85b3be6549514b4123815b5500;International;International;AU;Não Informado;Seoul
64c9a62483a8d5a0a7ac180902e790100fd93ccb5b30de37ca2f234e9f14c97e;Domestic;Southern;US;FL;Lake Hamilton
17e3293b1238e4bc4d75361df8bb3c24688bd927ef23b8314cb5f726fa998fb3;Domestic;Western;US;OR;Hillsboro
a602214345da0d4b0b122bbcd1c0fda6bcb789096d16ce8eaa3d74e9ced8f1ea;Domestic;Western;US;CA;San Diego
ee5f1750cd908c088cddacdb7911fb1a38948363aa73ac6be3abcde864ee6bec;International;Canada;CA;MB;Winnipeg
633337bd5a1acc491c00a323bfe7138f72f8d8185a95a78c991e66448a8650f7;Domestic;Central;US;IN;Elkhart
7cf2b8decf50d665b95618ad6ad031b5e2d8242a85ba79eeee36fe3afbc3d3a3;International;Canada;CA;ON;Mississauga
4d4b475f8fe878e21ed19fa6e2ba88eef9bcd1848881dc8023650970e316b6fb;Domestic;Western;US;CA;Sacramento
212ea5b7487e5514e393edeb76cb985a5777199d987b729199cbdc1b47b7b536;Domestic;Southern;US;LA;Calhoun
f9e4da4ca09d75ba8384ab66a65290434a062eb6b2077e01a272d25a0be685ee;Domestic;Southern;US;AR;Little Rock
6b078bb83540fe0c6037e57caa31d51d3610509dced52f7a76624e368b3129eb;Domestic;Western;US;WY;Casper
4d8cfb8b41494abfcb4ab1342257e3f39273ea4634e0127409d78132f803be78;Domestic;Western;US;CA;Rancho Cordova
76857fcf4c5467a5bf9761be70a03d44ef65779664d38e93ac5a02b191f13aa3;Domestic;Central;US;WI;Marshfield
3d77fc9b6e3003257e1846c2213b99f9c904aa25ec566913148127bd99def545;International;International;AU;Não Informado;Seoul
48681fe15547fd8649432f25ddfbd92c9f6a36e0411617b438378bc88970c334;International;International;UK;Não Informado;FIN 00710
6ef2657819a6c917d67c0e6728aa05f66cea8b6807801d508bd9dd02782ce422;Domestic;Northeast;US;MD;Glen Burnie
dc19b8ea040aac4cc101c4e1a01ed03fd467081d7ff167b2a58419ee5140ab3b;Domestic;Southern;US;GA;Atlanta
d58faed5e760366edc6a3b745ad92cdd7a10c8b5d63abc1faff9d1ca8264e0ac;Domestic;Southern;US;FL;Ormond Beach
00d58b37413715430d7ac6776d59b4c7a29469fd50e538e3a606c7428755f97f;International;International;IR;Não Informado;Ruwi
c23822abeb51145382a8062916e96852d8214912bb393c726a4b3723e2bfdaf1;Domestic;Southern;US;TX;Irving
ed5f4c1f49ef2b2c210a918985c10c9cf2bc441b2289b84cbef266463f8eac3d;International;Canada;CA;QU;Boucherville
5607a7d78c4b657389e29a224c9fd8487716bab7cf264d8d0c344013bdbdf606;International;International;UK;Não Informado;Não Informado
7cc5e6f050b020d8839ce1fe119af2b991fcd526276e9c88572ff3cfff97004a;Domestic;Central;US;MO;Hazelwood
760a81d30913befef2e13373a8600a56106fd7f240e255edff3be2ceb2f94261;Domestic;Southern;US;KY;Elizabethtown
aaca60fc8e0650d015da6c45ac4610a051814f64b3592a7c4b08a2e7d6a68d87;Domestic;Northeast;US;VA;Vinton
0cff05a59a31b4d91ec7b2eab7303f18824d6f9f881ba8965eadd0bf87e66f40;Domestic;Western;US;OR;Portland
a52f0f8a4637234c60608efdb3f1a6e9b7093fe905bacb5b0c45e059cab566c1;Domestic;Central;US;WI;Sun Prairie
aec5566452751eaf6688fe16a44183a5148e65af9039a4db9cb2b7fdacb2284b;Domestic;Central;US;MO;Independence
a336e87e134ae742659f7128cd8a452061b38528fafafa99a796e38aaed42437;Domestic;Southern;US;TN;Nashville
481c8a1dbc78d5ee0099c1847196694f9e8662ce51b0f97b615d76492f589aed;International;Canada;CA;MB;Winnepeg
d74496939abbf8ae48a0651fc6d4c645f16626df6a6a0f47a0b7087a980e2d5f;Domestic;Northeast;US;VA;Petersburg
7c0cf725cc8af462b22d37ac708c08ae1aa67778bf81cc1b3d7d57c5e2fe34a4;Domestic;Western;US;OR;Portland
66226e8631dbf0bdfa7506d9381f9ebfb49593f0e991152c27e77f1da00e85ce;Domestic;Southern;US;SC;Columbia
9006679669dfc952fb910568e7eb20aa5a6a55bd68f3fc148e3276dfce8fb142;Domestic;Northeast;US;VA;Fredericksburg
f9bf69296cd6492115eb5358598b4ec7ecb139c6536015e78f2dc81d4cb6c4e1;Domestic;Central;US;SD;Mitchell
00cb75bc9d94315ab1f6bae7f94b892a668f402dc5770b0b3c62573968a139da;Domestic;Southern;US;TX;Longview
120b1bdb817d39e6621db81f3deb7d97079098c75e9255b168513efbc20d1fc5;International;International;UK;Não Informado;Beijing 100088
742d20c2e05166914f427273035b1a15f8d6c24e985ab6a5fc72c33fcc17e932;Domestic;Central;US;OH;Wooster
41a9dc2dbedf1ac7acd531619e71cf2413cfad0b681ffb2b4fffbe52d818ebc5;International;Canada;CA;ON;Oakville
4b5f3c1d3a5d5a44836915c3dae353ac06b22aee09d20c45d439c3b1c322ab8a;International;International;IR;Não Informado;Quezon City
bf0c1ed3de4da878695850026b9b057dd7ff6356f0ec4add58c04c3782391ba3;International;Canada;CA;AB;Calgary
f8d3284da4226fbd22ba78047b8713246da9d9f7017728327b431ce88ef14c94;Domestic;Central;US;NE;Sidney
842664564ff7aa789550252006da5486b1bd7531b28f6ae69ac72dcf952c40cc;Domestic;Central;US;IN;South Bend
9d0b3facec65fb6af8cc82d0e68995ef7f1b5b0005187671d89d752a5b5cc13f;Domestic;Western;US;CO;Breckenridge
3d6d0432009c2c762cf856562c640d6894d94ff3f4c72980a92ca68a01cdf161;International;Canada;CA;AB;Calgary
9f20e186982f04ed682012137accd06539e35c329050c5e6d4f5504799faa8ec;International;Canada;CA;AB;Fort Macleod
f85a261bcd7f743263495fdfec305151bbf1296bebee4e95cad73ef36d64cd50;International;International;UK;Não Informado;Não Informado
f682769a96f32599697f7d74ae595e8d249af3e91b424e9aae764853d6614250;International;International;AU;Não Informado;Istanbul
8c19f25b1f79313c1d51087e338c8282278032252bbace03b3e704c01f95d74a;International;Canada;CA;QU;Anjou
d17a1fcb93ec954b330dc09888ce3376fb0b0ea72906016f67a20275705f11be;Domestic;Central;US;MI;Troy
947fb1a7332084ed754fd4698a57c15d189c081f434eadde1c891fcb5090c51e;Domestic;Central;US;MI;Cass City
b85269dde455cb98785a70aa1945dd12a1548c098adf80f554ff2879eb2d8c79;Domestic;Western;US;UT;Buffdale
20af8f6f39b3f5fa7b061053bf3fa373212f074c5e7e6676f0c4b3186f1c7d00;Domestic;Central;US;MI;Livonia
4b7d55270c892d52c3bcac5c8d208d07bb6a4aeab39ecc9bea076309db4d6039;Domestic;Western;US;OR;Aurora
90e7fae32b1d20a7536453a5ac1dd9729d273eff74abaae95325d8c53301626c;Domestic;Central;US;IN;Attica
aa268d49ec9d08d922aa0356143074dc7c4bbc117a30b9bff501304dc23db2c2;Domestic;Western;US;CA;Placentia
a8efe4e23df61006b3db0ea73edfdc867326398077063a669fee8a127290956d;Domestic;Western;US;CO;Fort Collins
4a035f88b222001f5c4136a8dbc2fa8583b1ee9215ed05f3256d982fa8117b55;Domestic;Central;US;MO;Kansas City
d2e54b447cdd837a99ded1232e27615fd78c50b16058f7606264e053e086f658;International;International;AU;Não Informado;Georgetown
ad393c428fb93c85dc9c87b442a2bc9b32db3657aff304c9571bec00f3d64f94;International;International;UK;Não Informado;00-394 Warsaw
90fd4b4020d8a00dda88d3c916b189fc3279541c3f51bd4b51b8facdd6685c79;Domestic;Southern;US;TX;Spring
06dd9c462509af0f95e812ca3fe112b24f48f0d24edf1d46e38880df09d00f2c;International;Canada;CA;BC;Surrey
bc1188144819ccf2ce8a537ceb9da314c4e455c104baf592e61bc68907cbcb78;Domestic;Southern;US;LA;Shreveport
f16a8ab0a76ac7ee60d7310b330afe2f7b03fe4a28318aa9f6e5d305f2bb649b;Domestic;Northeast;US;PA;Wrightsville
bc0d07e8f4a256d0480599b0c6a2c9192292d317951e62b6d0f6176064db1e0b;Domestic;Central;US;IL;Chicago
c8731a03712fddd98e7a763ef9ff57ff813abcbf1b16221c29c14f4b0645cd15;Domestic;Central;US;IN;Middlebury
6b4890c169092e5f73ed7075ba1fa27f95e3809aaba19f1e52f6e6eaf226a97c;Domestic;Western;US;OR;Tigard
2e2422102fb352b1dd3d657b4d125f22197b0a2d35300a6309fc2607d22ee1da;Domestic;Western;US;CA;Corona
5d7d6573c19a3702a3bbe9d99a052139bf06c7fce1b727748794362153bec7e9;Domestic;Central;US;MI;Saginaw
29ca65692a1971a9234ef42890db16c6066d411e0beac12885d4e000620174b2;International;International;AU;Não Informado;Hamamatsu City
78c6281278d795145a71b0e23924be3a25dd56f6348c3ffcea0c3e2684c33b19;International;Canada;CA;BC;Surrey
52ee0123999d54e5caf6de85f3ab5f580052f99b27abaf88b2ecadfd304690fc;Domestic;Northeast;US;MA;Framingham
9f87cbac5c53aa4649ea576b015206b4114b3ed8365faf65a9851cc8b2a98dbc;Domestic;Northeast;US;NJ;Fairview
c77f409573620fe783e4dd35cd2ce8784808cf93d24f31a08fb74dd7a7149836;Domestic;Southern;US;AR;Little Rock
d138fe352b989ff644ebc0b5ad39bb14a1c412615a24ca69f65b10dee5497b31;Domestic;Central;US;WI;Brookfield
1ed305ce8c6d3ae1524a11aeddb9ac511dce932308a1f356c421990a91a21c27;Domestic;Central;US;MI;Traverse City
e0a4a2bdb19cf609a583571fbaaaa6568199f4cf418bc42ef7a17a9c693002ae;Domestic;Southern;US;NC;Mebane
baa05ac2d0f230ea1eff7957ebc1c432a5116083edad9a82fe18c8955e30d395;Domestic;Central;US;KS;Overland Park
1a6d93f1bac48dcff52ca959003f21c787eeb63eb0e52f15357e9344c958f0f9;Domestic;Southern;US;OK;Tulsa
b8059fe98d7ffa6aca7fff6233dbceebbcbe2614da97d548d0de6e64a2e4229c;Domestic;Western;US;WA;Spokane
c5db68187bf7a9dd6351506c8810912a6b7ea7a75220162b9bf2b53c8f776c54;Domestic;Western;US;CA;Van Nuys
4ca70e10ae81e6bacbd7423492dbc62412404e79ed3eb3826803a5b5e71cd165;Domestic;Western;US;CA;Compton
2f5e80a55b9968c923ce142758c59e3a36f495a7051cd6be256e07df0485536a;Domestic;Central;US;SD;Rapid City
68986126bd33a2253c03e24f940797c159ed4ea1eb884c136542d9e807a7f429;International;International;UK;Não Informado;Industriestrasse 17
ce6e6d1146d315bc5d63ef447d386842cc399f1bcfae2cc948a141e5c5bfa6f9;Domestic;Northeast;US;RI;East Providence
25cb654fc839d4c3f34398a88608b3a3deaea3487584806d97db8839aee78c7e;Domestic;Southern;US;TX;El Paso
1732b23bdbd931bd4e0c528f516cec0887a1dfb2e68fb9c131a15b47152afde8;Domestic;Northeast;US;PA;Milesburg
79b176cdde2325aded7ee0cb98c59b00077940f2f8d1868dabdb4486fc0d34d9;International;International;UK;Não Informado;Não Informado
17beaae9691f76c7aaf854f8b35b0cdcdac0f8e7da1b9415ae30ee486d3dfd3f;Domestic;Central;US;MI;Grand Rapids
4b300bf9fcc3c4894c396def74aa982e3aec7ac32fe5e72972b179ab604e123e;Domestic;Southern;US;FL;Jacksonville
37f97fd8b7d6494415ed463b854baf0a286e66a0c8f57eb8ab6fadcfa276f37b;Domestic;Southern;US;TX;Fort Worth
331dc6fe01d65831fe21311fc7825964af376c8dd146233b53fc2e314127fb27;Domestic;Southern;US;TX;Schertz
f76020289676bcfdf353ace0e3806a0157de25a6d52df0bb2bebb99275f6c37a;Domestic;Northeast;US;PA;Exeter
64e5c477c4e4a9dd1340090dc33daf037c8e352b500591ccfc74eced0634f491;Domestic;Central;US;MI;Flint
8eadacfbe638d3e07927d79affd18f316b1f9ff137764fcd31b0dd1dbbd5b32f;International;International;UK;Não Informado;Linares (Jaen)
e744ffd86eeb22868830cc72cf1b1a6225929245d4b8879a218247948e6f7dfb;Domestic;Southern;US;TX;Odessa
5737e56a39c9158989e70dbb0f3af979e94348ed51bb79ce15d76223f0eeb9c3;Domestic;Western;US;CA;Costa Mesa
d7e1bbde7c1c2801bdc64c4c7eff6a0e4841e4e00b7a3f5ad4471fe28ce67152;Domestic;Western;US;AK;Anchorage
6d04c8c089f144cefb5333e60c011df16bac73aeaf28b40c583e3fae6d565bea;Domestic;Western;US;CA;Benicia
e7eef2fea74d767096e04fc5ccce087604bf4ed9678547553aaf7532e5ed0fea;International;International;UK;Não Informado;Não Informado
832f182ec8829be4127f63045d1bd70e213929fe3a65ac937a2d4d1c8bfe08e1;Domestic;Southern;US;FL;Miami
dad52d0314fdd690d3491a48d7a51df2a6d157378e7ae7b6bf6d56c35ac33527;Domestic;Southern;US;TX;Cleveland
14e41ceb7ded16b625f5bf50d3c9ae36b2ac62f7c8b3620185c902b0d3775bfc;Domestic;Central;US;KS;Kansas City
d9dd6bb52251a23c6e14a0a8dc664aafd7575b6c8b69e06e883aaf28c9de0413;Domestic;Northeast;US;VA;Manassas
d35e40172899a838476d5e1fa8675fcb58b47c03aa2d9637abe85d51676c3b13;Domestic;Western;US;MT;Billings
4daf49ebc3340f7268e7b0e3cef988775f81ec65edabd21337b69e89ef76ab28;International;International;AU;Não Informado;Johannesburg
fa70e02684c96245684dcd6296d6e70f64945681b579812b14ae921b3dc3541e;International;Canada;CA;AB;Edmonton
7897fd81831be46ecdaa7e0fb3254116f5e806b9fcbda3c1adeee54deaab4085;International;International;UK;Não Informado;Não Informado
c70973293bdfaf482740a19c65e8ac40e9521516e78b13ac7ad3dc7ffe37cf66;Domestic;Western;US;OR;Beaverton
a517aa9fe6a2d34dff6d2da7e1733781e1afa224d0211aba20875b21141e6f92;International;International;IR;Não Informado;Panama Rep De Panama
7effaf5563eb7d1ee4ad9859cfca466d85f6c5540c1880518ea176d802d48d5d;International;International;AU;Não Informado;Jeddah
2f1b7423bc923fe5358912809f895bc7eaba3198f2da5329d2bb48826a79266f;Domestic;Western;US;OR;Medford
72fddd63c65f76c0917384a11a582881a445684631566baaebd5685abf76147c;Domestic;Central;US;MI;Livonia
81e76090ea032fe293e82f3bc9f0530e305bf916cc328c8e6855a97e3ca71c51;Domestic;Southern;US;NC;Creedmoor
0eb6191ec2b83cf63e44ffd9e0a9d0a1fa7248eda18899c9c519663fbe15edeb;Domestic;Southern;US;FL;Orlando
ad0aa34d3a7360126424a7d973441dd03fd9d5d7e3aa812dedf6c9b48e402c96;Domestic;Southern;US;MS;Pearl
1b9197f04c8d2480c88d4d1ddcac1b1390ff3ff601dc8d5f4a1cd8a3cb8f770c;Domestic;Southern;US;TN;Goodlettsville
a7831291c163661a06a9589ad1f1abe6b3574ef7f30ff683d6474ce31a2a9520;Domestic;Southern;US;LA;Holden
06024a2781f6a0c478cc362bc18b5f8673ac845876ce7a9d88ee35d7c7922cfc;Domestic;Southern;US;SC;Greenville
f706fb3ba0f452bd10528b7ef4f9e50b90aae1d96e0444ea4090b10d7ca6f1c3;International;Canada;CA;ON;Toronto
7313df593c9e87c78eb8e7391177189a5c811db5796ec544d3027d33afcce029;Domestic;Southern;US;TN;Johnson City
9a776622bd0c0e28a2051d656f1cebb2c65d4827a4ae6e770d3f1bfd73aa6b80;Domestic;Northeast;US;PA;Mercer
84a4acfddd264f3f353b0f310de5d071ea8b06a06ab9f9b13a11ac2a9e49c6ca;Domestic;Southern;US;OK;Tulsa
07d71b48798fe256492a6c9c92294423cc0aaff08f6de2316744cad434bbe079;Domestic;Southern;US;GA;Savannah
5b067a82eb46e4d5643c011d4e7dd90bd37cdbfea150f67f28d5d2387a5f8f04;International;Canada;CA;QU;Montreal
4617c314a92f0484e1b8f7951a89e2005e3325d97e1b11cf9995f50b8ad7f0ac;Domestic;Western;US;CO;Ft Collins
e6b16dc47bb9e2ba6e7380a8afb03206a697807194a94f0cf047cd96e781eb40;Domestic;Western;US;CA;Corona
2593f9dcad3eb8f2be07bf9e3ac75e197b01553cf350b50dff288afd99f2c0a7;Domestic;Central;US;IN;Indianopolis
71c712b419bf390075fc175edbd486abc58ba6f817c204de20904de28eeb615b;International;International;UK;Não Informado;Kilsyth
2ff07426d82511aeab6f7cafad29223579a3a97535a89f02b8f1eb3e4a16e7b3;Domestic;Southern;US;TN;Whitehouse
ae5762f991c2419e24a050df0253b068696894c637f595d5f06c90d700375912;Domestic;Southern;US;TX;Houston
ae84823d5ba88736eaf11c8ed95975abe1ecec055fd3957945caf6276b17de20;Domestic;Western;US;CA;Fresno
6015d4fe66d37a8676b0901760f947aa8777ac40c5db3648b9d89950e147c900;International;Canada;CA;ON;Beamsville
1b15379f8a5b8b62d9ddd907861a4bf0c1ded701f733b9aa29a59ce8400bd280;Domestic;Central;US;IN;New Castle
70439f5e6c16a822408d109346f2456022c79f5b256749da83341341f9219f42;Domestic;Western;US;ID;Boise
73d34d7c320311e2220b03d2faf5fedeaff5320460ee16c722528cd1cbd6b2db;Domestic;Southern;US;MS;Okolona
c9017e59dd6f0c2bf95534f35756f9889b37e99568fab23135cd542f124bc6f8;Domestic;Central;US;WI;Shawano
fa1f08e853ae13cb8afecc4506577ee86d2a1e180238d418b7eb5eeea904b923;Domestic;Central;US;MN;Oslo
a5b33107038651252f83ecb9327f07000172f2ce69e5f16be4073b793ff08e44;Domestic;Central;US;MI;Livonia
33a8b3515bc4978c11addb169ee0c525185fb67f756b55fc74d49c6e5dfc326a;Domestic;Central;US;IL;Morton
d456aa37db99a97f83503b7a0b7bfea51c82937c39b05c8bd1245d1f44622070;Domestic;Western;US;WA;Auburn
16f7bbf69cb1abcec0b551f646b99162f220feb5803b0ae0e2392f73b2438561;Domestic;Southern;US;AL;Montgomery
5cc768379efdc373ca364825a588ad074ca2d88f9802c79b69a7c8398c067f1b;Domestic;Northeast;US;PA;Mechanicsburg
954459d83825440aea8b6f7980a9b043d73f42d20483d8f9cbb27387b95e4d7c;International;International;UK;Não Informado;Não Informado
94e0f6898f092716f8f0dce6fb26c430a54dd55918d86695fdc648980a8d84f7;Domestic;Southern;US;TN;Smyrna
83b4350d4e8417204c6f07b0627b601465a49791717da38494acdc323aa5f150;Domestic;Northeast;US;VA;Roanoke
aaa0bc67dc4a9cc46d4dbded571016c21e7fdf0ed8e6264273def81ab9ffe2cf;Domestic;Central;US;IN;Hammond
f29cd527cb9502b989228e9751d36a8c44665692388782deb3f4146dd5f5e7d0;International;International;UK;Não Informado;Bremen
5dd539336d581bedb304d180b2ccfd18e544e24209139b1c9da2132f71244d2b;International;International;UK;Não Informado;Madrid
78e8c2df4c203eafe23a3f8170fa383f56f214e5381e40e569c595c9682e173f;Domestic;Western;US;CO;Wheatridge
179d2cb19dba594f7bcf9d4514466522fa7b9f81d387f2e82bd6ddf4923d7a71;Domestic;Western;US;AZ;Tuscon
db6c2bf5a3d555c2afbe8cc53c128746d3891562a4486c163c633ec32f6c5850;Domestic;Central;US;MI;Wayne
0b0eeb84704c8f22acbd34acbac399e128c9046964ef6150ef89dfb66c9f5c79;International;International;AU;Não Informado;Seocho-GU
5fde2f7475276d3db7b5785d6a1983d1e550ffe0b6b87e89c4297f2b745f8a8e;Domestic;Northeast;US;NY;Buffalo
64dbe575139f85def631c1d0301d161f25814ae6294397604d68bd2ba11034fb;Domestic;Western;US;MT;Missoula
d8bb1f479c89673e47cbe7cfe32e0ea29c87e0d1cd3d8730160b5093dbfcf59c;International;International;UK;Não Informado;Santa Cruz
ae09e77000cb84a2875f364120d017003ff6737a70149617c73089249cc8b8c4;Domestic;Southern;US;LA;Springhill
7f2509372b6438eb7ea5036731af3f0f829113e94c16112117065a7760248201;International;International;UK;Não Informado;EE 0026 Tallinn
574c26e81631ae2cd3d05aebeabd225426c7dcfc7a47c4159abc89177fe4c206;International;International;UK;Não Informado;Não Informado
b85329354cba5099142b5fdb90cbe390c26d5258692e6373103e0c4453f4e19d;Domestic;Central;US;WI;Chippewa Falls
2521d482de11e7448df54577a48e59b4ae628f0879ab3ac3843781be2d0d4765;Domestic;Central;US;MI;Livonia
2e4b445b2a91c66e7aa747e8465926eff1dd82e0b802fc80be485800ce4df6a9;Domestic;Southern;US;GA;Duluth
890d9e2b3d290e007dbe9147d5e38b159c3904371fdbf5b81d45522cbbc134ec;International;International;IR;Não Informado;ZI 1 Ducos
fcf793c8a5e90d5330090e892b1db9ffab064c161790f78a5731a75deaddac41;International;International;UK;Não Informado;Lighthorne Warwick
82604c244a13e33391ec8aea15df04a18a656844d96b7ee93c826266eef5e235;Domestic;Southern;US;MS;Laurel
7fb9b86d97e920e49af9e71e9c249dfda816e4032282a951bd1adada3753560c;Domestic;Northeast;US;MA;Medford
0d649b911bee22f0129fdf57e34422da63cbfcda40fac6f4f68d9e6531c07198;Domestic;Central;US;MI;Coldwater
0f7ed99c6200c0d727db3d4317d8f94bc563c74ba205fbd545bdbd37cf9436c4;Domestic;Southern;US;TN;Memphis
51ac3b66f56d96bea8a4e7366c3fd481c7117daea3708a7c74758a809752a52c;Domestic;Southern;US;TX;Houston
b117a8ed7f580817e00cbecd9ca8bd965baf33ab09503b2181c9b5a1d7c0f388;Domestic;Southern;US;OK;Tulsa
2fa6735ecc150e0437ca6aae14bd09b9833eeeeb09d4d14f1019a3c7fcf31578;Domestic;Western;US;CA;Cypress
f0b774f9f74bb6873a417a015c332e059cc7713c8b6355bb120501c202243819;Domestic;Central;US;MI;Watervliet
9aacda99adfc32190aa78efe9e3739cca61c5d89f58ed9a7a74f32d9a086cd29;Domestic;Southern;US;NC;Cramerton
c36aa5ad095e89fe14680ba6e7b28b949dbe31013403c677eb6c0b1f92a35e06;Domestic;Central;US;MI;Warren
eac8a8033a1cb9dae17b08dab2a2169a011545ffa7e0100ced57da9ff3776bc6;Domestic;Western;US;CA;Gardena
2fa9d98c1a742443c0896eb81152351ba4195eb6b4a06d50498ff0000c1e938a;International;Canada;CA;BC;Surrey
cf1b5d1e8a755dcfece65615682e8fdc0e20db549afb65b112d843d16c6e70c4;Domestic;Southern;US;AR;North Little Rock
faf7712ca407f7c61972022eff9cb72cdb5c0776cb1464f5c761f6dbf89c9bf1;Domestic;Central;US;OH;Bedford
f52719030c25d09b39c613f650dcc6bed08857553ce9b3f4eb8f338b129f8a2e;Domestic;Central;US;MO;St Louis
62f7a22a10342408fc19c1e812620420cea2733c18c2bf34afb45f243a25159e;Domestic;Northeast;US;NY;West Sayville
46d5018bcc225b3df11bd30cb9829289caf9c987c2f14bfef351a391fc30260d;International;International;UK;Não Informado;D 95326 Kulmbach
003b42ef84a37eb98a8fb2e007399f456d97931b9a18fd1a8edc5b0ec7fff6ca;Domestic;Central;US;MI;Kalamazoo
489d23a395f7412a3a59ba2033e351542fbdddba8a6b5a0e2167e69a9c488182;Domestic;Southern;US;MS;Tupelo
3863957b854bbd8cc6465838d7dc1cf0ccf7a31363de778c92815f3483c06907;International;International;AU;Não Informado;Taipei
b7d0962933a82236ad63f90d1ec814ac75240dab49028dd5ea98209f5cdfe8c2;Domestic;Western;US;WA;Kent
489d23a395f7412a3a59ba2033e351542fbdddba8a6b5a0e2167e69a9c488182;Domestic;Southern;US;MS;Te Rapa Hamilton
a768e0f51a0abbbc43c315731fc349f306c96b657896a110aa13293fcdaf9d91;Domestic;Southern;US;MS;Meridian
df8db7c9684341bb956b6f63ecde048c6f21dcfb9b8bbfb70f3e4d771aa862bf;Domestic;Southern;US;TN;Ooltewah
7cd2187dd3c4f598735e2949d27ddd5c52700b4953d7959089549e71d5063da0;International;International;UK;Não Informado;Não Informado
ce08eeda34367d298007c0286a521a21deea1ca613c6a986328103ce296a0faa;Domestic;Northeast;US;PA;Shady Grove
1f8b51bbfe56dde5374d03abbc0b4acd1a00298720068816940fa6fd505a4152;Domestic;Northeast;US;PA;Milton
b02b8f2aaef6a5c2161dbb7b981d1e5a24fe11059e792b2293e2425cd99483d3;Domestic;Central;US;MO;Cape Girardeau
6869c838abe7ac503924c0055de5382352f3c77c710ec78c6d772d3a47b3da7a;Domestic;Central;US;KS;Overland Park
76339cb7d3d66f29a672829e63ee9532147c254a42949df90e054a2eac7429d2;Domestic;Central;US;MI;Southfield
cb993ed03d120830e45c6f860c93b11dcf34c72932bdc0d64bea4a1a5745e314;Domestic;Southern;US;TX;Houston
41f68f930aa4a78b52f5d4feea73027721ac36533216b08da5d8cd3dc08c574b;Domestic;Southern;US;OK;Tulsa
d64796ac2bb1268cc93e90155f5c610d6ebc4d53a2ba205c2160e7a4332c1cf2;International;Canada;CA;AB;Edmonton
b2db168c6bb2dc1e9b9653656c0ea2f587fe767633829b957078cafb2bfddbce;Domestic;Western;US;CA;San Marcos
a214dade46d87911029cf41fe7dc1235609322c25deee9af05fdc3346ca70e23;Domestic;Southern;US;MS;Jackson
0ff425ba18f2ed4043ddc13cefbae5b02ee92176fd0682bd639ed1d2d67b0efd;Domestic;Western;US;CA;Sacramento
0d6b1a6b0a9d6d313598a6ec5e43ef9d61a305069b394e05b709186195e33ef8;Domestic;Central;US;MO;Poplar Bluff
f34b32bd8bf61809d0f0034b7353de81efc836b3ca2ba85cc1a48a785c247f0f;International;International;AU;Não Informado;Jakarta Utara
e6ebc40e6533aaaa1d6ab4916bea31efcfddef9d5c4f61c77a8374a687b2b7cd;Domestic;Western;US;CA;Stockton
39be69b1f506cd88c156a092241da549dd9495ef49457894d7bbc2822fc39ef5;Domestic;Southern;US;NC;Shelby
bd33855512a67c7af636a9f70693dc48570860860eb93e7c519222d00a6b0c88;International;International;UK;Não Informado;Não Informado
fdd066639abc215433fff846a4d6c898dee1b368cf17bed3b3e02b6b0666d5e4;International;International;UK;Não Informado;Carcas
0571ac6fd4ca824dafb02a6dcc5fce0bd42631d15cb5bb1bd1cbdb19b06e51aa;Domestic;Southern;US;GA;Norcross
e4ff1037b6799e00e7b6c72f30027a53943aef6f6e56efe94afb65ad0e53014d;Domestic;Southern;US;MS;Olive Branch
8e24c6b2ec4b86837ceb9f9eee4e6d138b688b83f5a5ff79cc9608ba914b3429;Domestic;Southern;US;LA;Baton Rouge
4f5c7701c00252060d322c2693ad1b3a410d7bf7ae33b12c3e1a8103c27628a4;Domestic;Southern;US;FL;Tampa
7610b3f3d7e12249c18ee54bdd71cba73ac2aac0ec34f44bdbf2a0f60df33388;Domestic;Northeast;US;PA;West Point
631e243b05669ab68c4f761759175243534b8d3627312911c9c8e55cbde33b8a;Domestic;Central;US;OH;Cincinnati
97d16c5a06b509dd7210d90a499083715192e38fb62f6136d56f7ac4ef231106;International;International;IR;Não Informado;Schiphol-Rijk
05791b1db71b76fab1154aeff3851d5169510ead50af47e446df6cd9a6bab7b6;Domestic;Central;US;OH;Bedford
ec08bef8ced7e4970d431cbef34528e1b11155b21cce2bf6f1428eea98e01eb8;Domestic;Southern;US;TX;San Antonio
817986b985c36d6d2639cfe35fa18f22ab4774c139021887d7f6c63c051a95f3;Domestic;Northeast;US;NY;Elma
db7acc22162093f39aeb903bd2876362c9fdfecc90b046655827e6306231edea;Domestic;Northeast;US;PA;Pittsburgh
0a8fe83ae17ea667193ed244a94c57fa99c4eaeb9b3f8531ef0a5a401f7b78ea;Domestic;Western;US;AK;Anchorage
5b59dfbbd480a41ad7f2eb1dfc3596f11f8e9e6d635b59a1121338bc7bf4139f;Domestic;Central;US;MI;Livonia
88e48e263acafa4e30277a023d49a2208238bab072f93e14333c204f06d9e161;International;Canada;CA;QU;Montreal
222b3b71d6a190d2ede21d505ed90a5ab2d5bca4aaffadaffb4af344fab0cdf9;Domestic;Northeast;US;PA;Philadelphia
ec4a06021a3916bc92212121da1c12c30e7fc0fa4db8a45b935da41fbb562b3e;Domestic;Southern;US;TX;Dallas
019e247f7e41dd2158ad011eaf0e9126c706fd97d337b74f21b366b8e6b1f112;International;International;UK;Não Informado;Não Informado
9cdcb61c314d4776fbeffef414cfdb73ddff4eb61fc9d2b66d68dc48db388e08;Domestic;Southern;US;TX;Buda
f362432d8b584a034ca0518224a5f4a065556637b64e0c23336d7e385720f1ed;Domestic;Central;US;WI;Milwaukie
378759c6e1a979d3701fec11d8b6d19e968f4298355100f1135e29935bab8375;Domestic;Western;US;AZ;Phoenix
4d870fbe543c4e4aac2c05b3c6e9b2a1796ff416da8010a95e633f5e6d0a82d4;International;International;UK;Não Informado;La Paz
0c74aec1529fbc6749312dc8cc078f5e28691efd4319522c5b2feb0ca0709bd8;Domestic;Western;US;ID;Pocatello
8346c29c03f498a85d3d898eae22201cc7125dbf35e212bc26430bd2f392a83e;Domestic;Western;US;UT;West Jordan
b25d69dfcfa9fbe8b344452704da216ad2b16fd29cb04bf1f8622bdc9f76d739;International;International;UK;Não Informado;Santiago
7755d4c53203959417b769ec7b8dcb2d6262647da1a0e99fafd1c54e8320e28d;Domestic;Western;US;CA;Trinity Center
87497fb3868deb7bc469dec36e77c65bf1bd63fc249551be8b77588e2b0c4c94;International;International;UK;Não Informado;Não Informado
f2257f89e3e4b31150b85e7804728cfacb064be83da4448387e8fc530f9ac435;International;International;UK;Não Informado;A 5102 Anthering
996a3ef121e41e6b477a49b0a6995cb4e289ed3724241f77f7b2a9ec08b58ecf;Domestic;Northeast;US;MA;Salem
7c97cf05af4fa789eba2959e90743872c3591e8adc3a5a728003fa60eda30b4b;International;International;IR;Não Informado;Guadalajara Jal Mexico
a73121ae0002c249e39c393613c77a18e4cd1459e975cb740b43f8f55d5440dd;Domestic;Southern;US;NC;Statesville
0aad4e10bfbe20f36d8a39224ddba0dbad22fd2dfecf648ec3202c7661cb5d5a;Domestic;Western;US;OR;Clackamas
ce91cfd152f9a7dd2a29159a4fe6c9f6a6b855db59ffc891ed66c57b2fbe0267;Domestic;Central;US;WI;Appleton
a13423d272d03562caed538da43b37f99a86f0f6144181304d3209cd68842228;Domestic;Southern;US;LA;New Orleans
4b76d0ee4a27ae34b2d61194e6312d06ca50a8542728f0164558ad10ea0b0e2d;Domestic;Western;US;CA;Sacramento
d5467e164185215dab903d498f1c44f2599ccd802bef3e3878fd827e56f16e66;Domestic;Northeast;US;PA;Hermitage
1fa4a6c9983958a06e9d859b95d65e2e523455a5a3ab00d13f861289f6ff2ed8;Domestic;Western;US;OR;Prineville
0c8f70156e29e030a56a95e76f5220c1f78e8a85022512d1a3da6f057bbfa3b2;Domestic;Northeast;US;MD;Waldorf
933c906af790a8516a3b4d51ec8f3b54c07106653071fc868025834036a55f68;International;International;AU;Não Informado;Songtan SI
790c61af1b5e7ee7d2636db266e66b24ef3906abe8f022516a677b408187a966;Domestic;Southern;US;AR;Fort Smith
a3f31d6159824978a00435d06eaa8432a780c0ee313e3499fe0b42e58449505a;Domestic;Northeast;US;VA;Mechanicsville
026e19d13575d09af7598dc21a2c659ca1ccc73721bd96f476971abe4bab1917;International;International;UK;Não Informado;Não Informado
77363a7b3bb2f623301a1686d6fdea5a9a9c3b9e8f36ab276cedfdb856380b75;Domestic;Western;US;CA;El Cajon
a519b108fa53c8e0b59083199102b47a033584d120160e3b6bb4cdc0e4efcc85;Domestic;Western;US;WA;Tumwater
ed851803d0d56958d9f4402e2054c96a8c575f9e87ff192d3287ff562875cebc;Domestic;Western;US;CA;Tulare
dc85513e947d257e425cf8fecbda8a70517a5fa5fd173226a4edd1dbf0c437fd;Domestic;Southern;US;NC;Charlotte
b5c7dce01b475a04142c39ab18da52d1db2bd9ef8725e56c9c0ff0a59d8561bb;Domestic;Northeast;US;NJ;Somerset
6568191e3ac7e5a9f6c0ae1119a72dd8643bf511db06ce9110ae728684bdade0;Domestic;Northeast;US;NY;Bedford Hills
05446edd7575998b294a944b11a05045d907f34fa580ad83abdde013c03cf6f9;Domestic;Western;US;CA;Irvine
6346ab5bda454999748e456a2fb0354170125b3df709a58416aec22f6fb1b93b;Domestic;Northeast;US;PA;Wester Chester
9338bebd6f95ed026a37645aab402498e741f1c962d17db616f32ed1e5d19af7;Domestic;Central;US;IL;Highland
c195f2dffb11984ca8a53bf366a96d0fa0670ba3bdf80707f733c0cce0e57407;Domestic;Western;US;CA;Sacramento
d6398311d7fb343eca33b68cce392fa0851dc435e6a673540c5dc4ffbd2b4436;International;International;UK;Não Informado;Cali
7bb2a26311bd0abb6b8315f3e858b0f2c14a9efc08f70950bb521bc307a50662;Domestic;Western;US;UT;Salt Lake City
cc9c6f0f81e5872dbd1fb3a825eeba188e23015202641bc800bba6dfe4e75f0a;International;International;UK;Não Informado;Sollinge Molle
6eca87b4fe8f4c8d136363dbfc56e6e753356e620bb4be19a2eb3d9dc6db01bb;Domestic;Western;US;OR;Portland
bf298973e4791c8805ac5e9e84a2daff00607ca98d86075d807ce25cde0d1ce2;Domestic;Western;US;MT;Libby
94802166b0ec6ff93fbf759450a6ec58dc53e5ff9914c1deae94d2a039f529db;Domestic;Southern;US;TX;Irving
72c16329daf2f985b22cfec23bc02a7f3480a3d4fef307045786004296b027e2;International;International;AU;Não Informado;SE-132 28 Saltsjo-Boo
b5b81a1474a45bce7d92f4751d31715200b77194f1f42f85131820cd6213a87b;Domestic;Southern;US;OK;Tulsa
5a903db311fb6a6d861ba8d9379e1ac2e62ffe4dd7cb56305da681ae2ce4cbc8;Domestic;Central;US;OH;Dover
06daa6f41d67668aa80f09186ae0d488916c95bac32c85d3a33f391c310cb67e;Domestic;Western;US;ID;Rexburg
b1ed801ef9c03f7826864f75d63c021b8d83c47303d8ce9d7dd670d49809915b;International;Canada;CA;QU;Boucherville
c24a6a3a368cd033c5221d849fc54b44d6ce500420b37c9c32613ca1ec66acf5;Domestic;Southern;US;FL;Hialeah
2357dcd6f12b87c7f85527ff53fc848011486ea1c75d1e6bec3094a93af1f942;Domestic;Central;US;IL;MOLINE
104a533b562850ac8f8287e1d5f95223fcc85bbdb12148e66487981d8c461648;Domestic;Central;US;IL;Joliet
e7aa125590231475fe2c317a700046c2ae6cc9cb62fb9e6e8019af418e6ca032;Domestic;Central;US;IL;Crestwood
4d72bb67dff18f103e53bc1d79199b64ddd7562cff345fafb5db77edd9123801;Domestic;Central;US;KS;Waterville
0fbee478df81a1e563acebc09f507cea30f8e18c8bb4fc89fe43a8fe4c666122;International;International;UK;Não Informado;Bogota
0bb7cc449a39bcc6883f1a1bbec113f50b6bd44d8718508848c683daf71bb24f;Domestic;Western;US;CA;Fresno
c8966c3faec4e6df0987ea83a6428e7ad0dfd31a8f8eec0abddd37f474914dd9;International;Canada;CA;MB;Winnepeg
d75661b68ab6974c9b8033dce539b26b3148c263c347b130327821644b0b9d0d;Domestic;Western;US;OR;Milwaukie
acf15f0c01df14762bf154bd73e3342aefac269bc468ceafe6895547f8e56f4c;Domestic;Southern;US;AR;Pine Bluff
e0fccce7ab9914bb52f2e95eb51e303e6dcd616f6404a8eac4d1d8e9330b79d6;International;Canada;CA;NB;Moncton
ea869dc430585a045a2a04583a9c9f6d5dbff50ff3dad6ea0beb9cf7cc1e25ab;Domestic;Southern;US;KY;Louisville
0c29a6f323c442013d9a4dae24fa97d8e2ae2b5ca14ced4d4ba327e7521c9a0a;Domestic;Western;US;WA;Puyallup
56bcd885b87d6a6971bd6c2a7936aab4c49e5e3bbfa946b6068d9eb71aceac48;Domestic;Southern;US;FL;Jacksonville
08f953b972210f6fe8fb9bae4fbb245f13bce8adc2b2e746797c7e532a18b00a;Domestic;Southern;US;TN;Chattanooga
19c2e4a6075a72497ab6ab3a57f1938ae1a8480f666ed56be78441b40fe9fa4c;International;International;AU;Não Informado;Beirut
d02a65f6993832ffa442972b561dbfed002577a53566f5fbca9333db758d7a78;International;International;UK;Não Informado;West Midlands
0e6b89f801a804f0e15c9ec80e6cd1d27244c42b53491ea2b681dbf6699f986a;Domestic;Central;US;IN;Evansville
0d2c648773822b12cacfd287a4f13b67d02c00934a4c182a7b143a661ace96ea;Domestic;Central;US;SD;Lennox
414c7b0f44450838832f558ace3df59ea8ba22792c15bc8dd1915c69338d4e7d;Domestic;Northeast;US;VA;Roanoke
01796c7388706ddd199d592300165c9c8b0fa418ec61426184dc9ea1f9b18263;Domestic;Northeast;US;NJ;Stewartsville
0407a0c51535b4794d8ba8902b1d1c8764dd877e62b3e8322c0be168b632289e;Domestic;Central;US;IL;Bensonville
7ef318cdfdb504849c715919d9e6eb2c8f14a9a49b419abc161666ece167146a;International;Canada;CA;BC;Prince George
5c84617837c9632745019c1036379ac56de0e68425b4ff31e9814312186a8e75;Domestic;Western;US;CA;Hayward
053938ae78078f997407a970fc1f036a527c92fe5937c3e8fe89c579b4ab4e8a;Domestic;Southern;US;AL;Mobile
bca1a007b506b40f2c5262b75d5632f85dc4f03947feb9cc8364ded11cc0cbf5;International;International;AU;Não Informado;Não Informado
22e0677feff4e84f25c86a2663569188ec82abe57f69e31398f4f917b84e3b15;Domestic;Northeast;US;ME;Wells
6d094dd8fbc6871299cbf7af7d317e042f007dd9c26e39b371a98d1f53733b87;Domestic;Central;US;MN;Hamel
c0afaaf64572ee5679cf822a38ae5360e2b8a90c3f8e6bf131dce25da700c20c;Domestic;Central;US;IL;Joliet
f7fca231fdfe161342149d16cd1f04668a88529e99a4396b07ca7a801d70bdfa;International;Canada;CA;MB;Winnipeg
16b8d417e1f5820bf981e9e18ce416befe37484026121e2a52590d591a2b270b;Domestic;Central;US;MI;Newport
87648e741842126d2512ca70a9d5979db42246fe677e0cbed046a92f6469f772;International;International;UK;Não Informado;San Jose
e5c38855fb982135a9d71ea37fa244ae4d024bd1959763eb8ec085f432a01062;Domestic;Central;US;IA;Des Moines
36e38c47cbf7cdbe9745e27a357194d7e2c55b08f9331a08cec2baca3be9fd72;International;International;UK;Não Informado;Asuncion
57609da5c18a5a2012e1d55b37d027446857969b8a316412d4f41217590f1a4d;Domestic;Central;US;KS;Overland Park
2d6c491700e8a6e7a954fffb20d9a27754682ea4bb3198dcc8bd9db108dc0450;Domestic;Western;US;OR;Eugene
a5ae86334493411237400a3258ae20605a2d82b4e377167d537bd6cb5799b529;Domestic;Central;US;OH;Canton
909babea272de4efc6adec0aaca49396ef229a53c46ac74b244fe576d8d13066;Domestic;Central;US;WI;Monroe
7306679afb28797d9f7dbb1b1fa27815d59aed6398de98a68029618400188b18;Domestic;Southern;US;AL;Birmingham
3be7f1e9961d4778a9391340d9f092f874f90d445b1fb30bf6bbd735b80acebb;Domestic;Northeast;US;ME;Lewiston
3535ba47c415fd67efe8063538cac43d12d8e545ac32908d45f7868904463088;Domestic;Central;US;IN;Plainfield
e58d29ae0b96884e6110b8dbc9589fce9bdf52d150962990bc71ec26c103ad36;Domestic;Western;US;AZ;Phoenix
6b877f13a2cb09bbb806b901a0256c65f4c317df3d004d1c60cf7f1eabb025d2;Domestic;Western;US;OR;Albany
5b3d82e9a84d7f78dd776bb69a8a53fe02346b83cb31bf99d4099324a77ff215;Domestic;Southern;US;MS;Cleveland
1c4d0539cecc3bf0a81ac6fe0e49a4f000efc90433670f2f5382798cdac59841;Domestic;Southern;US;TX;Amarillo
00b550d2702772df69669b7a7ad2bac68bb35bc34dca78d3da8d7f8e5b82ad7d;Domestic;Western;US;CA;Pomona
304e1ff8343e9ce3af729320a2c807641b533b1808bc511a990efa32ff2522e5;Domestic;Central;US;IN;Valparaiso
34e272a2f91898496ca7d26eca0f94596e982c91bd1d264fa09b792338dd54b8;Domestic;Central;US;MI;Lansing
7f568880f468900db1c07c4479e7d2df997f0346a033f6af80f682541ebc9606;Domestic;Western;US;CA;Sacramento
16fd7801fca2b86104697cd62b55dfe110e0efab7274a1c5e3673a4e6c1f44df;Domestic;Southern;US;FL;Tampa
a5434df12c71e006cd367459a6129160ce1e1bafe112aec05edb0d3242453516;Domestic;Southern;US;TX;Odessa
01a81e496b11d45d8587486528cf92048902d9cb5942fd24df3c72e7f5561958;Domestic;Central;US;MN;Grand Rapids
55d989d15a5982976749e22c927096942864aa75607e60a58ae8f3c7f717bae2;Domestic;Southern;US;TX;Houston
787e7708653c5fe90f8fc7654eb8c35d1f919729839a21c4f50aa4eb98fac79a;Domestic;Southern;US;GA;Augusta
5a6e025d9eed038c5f3cc79ed0b0d3555d77a53840f6b2be5defb38ab062150c;Domestic;Central;US;MI;Dearborn
0bba4123110d61f20674d5a3c57f57e43e44814f3bb2c5955c97a008b35f47e3;International;Canada;CA;AB;Edmonton
6e5de0550d25d9174d9880706e953e89d4f21a3946405d383e91241eb46d2655;Domestic;Northeast;US;PA;Nesquehoning
c795df8c6b063d449a97c37486bfbad59c34da745c1a5a6e9797c6af8e657249;Domestic;Southern;US;TX;Beaumont
704a57a5322b9cfd5c31e8e2ef03e97906ca8d16548eefaa8046269af1291d4d;Domestic;Western;US;CA;Redding
80100c27c28903246ac66b51633b39b0a60779ce9bc01b354b7c55c236084c31;International;International;UK;Não Informado;4100 Porto
70401a0e81309956b62cde2a898143dc5dff704f6cdb754eb314c92ee877ccb6;International;International;IR;Não Informado;2215 TC Voorhout
86024193417249343f276445bdd4237619480e6e563c55051f869e4728856e01;Domestic;Western;US;NV;Sparks
04d5f43d77e536291729d3b0ddba42cfa2f61a8879692922a0852af8a97fded4;International;International;UK;Não Informado;1980 Santiago
35f5303017a47a0012be53e885ed10d13f3977fbc6753dfae0832bcc0ff09fc4;Domestic;Northeast;US;NH;North Hampton
280196085b8ed636064f5bac58cbdd0599ba22f49b2c4e0d13c3a847574c8db2;Domestic;Southern;US;TX;Brownsville
7b2fd957260830dde1104ee7c5dede01933d6e2282266e0e898687db87e1180f;Domestic;Southern;US;LA;Baton Rouge
b762aa52bf8671b145736fd480510f8ab732131cde62e3c5155f1c67e9107339;Domestic;Central;US;WI;Eau Claire
81b51be60ff421a2aed196d959782b02c0ad7040990f5eaf87861f87aa839275;Domestic;Central;US;IL;Aurora
88c991ac6a50e1eb3d6b32caa33a14be623b9af857ba207275fb6c377fc4f837;International;Canada;CA;BC;Burnaby
0e170b068f19e1205cac4b130beb22d202cff0f837b0a33303cf43a7bfed6413;Domestic;Central;US;OH;Canton
8e1646a7f9ecf8e7c0ee0669a0310408b747268f953997ef2e8536bfbfb98ba5;Domestic;Central;US;KS;Overland Park
cdfd4266e47ff185a3335fb08aba039c4da499726019aa4b2cf82fb84d763a79;Domestic;Western;US;CO;Colorado Springs
fd1ec2f7045d9bddea9ad05f76e2ace77ebc5a7d288fc153218312212f56397d;Domestic;Southern;US;FL;Miami
641a8594e31cce9033d2d027413f7d54f30516154d0a5655e19fc4462632499b;Domestic;Western;US;WA;Enumclaw
5fa290f2135a9e606e117f5f3aa2d796f4206b8a40fa4362682d9d1addcdc8a7;Domestic;Western;US;AZ;Phoenix
aaf5026ca49bd42945248165fb2335633ad751b7fbf89c0e98d439137193b59f;Domestic;Central;US;KS;Overland Park
46a8255d1ba632803e924d5275177e06e9452f56288a8e7cf1f9f7491fdd61b8;Domestic;Central;US;IL;Raleigh
fc0634aff6bcd16ab72d61bd5cd2238de4a1d34cb9c5d51bfb454935a8491136;Domestic;Southern;US;SC;Clemson
486c6c51dd71e3bb6170a521b4a6aced906f77f1aa87d8eadf2f82078c4da56a;Domestic;Central;US;IA;Garner
7898f0b97d12cdd25a5755c7c8ca30c44dfd9c682c3afa16d31b424cd7035dde;Domestic;Southern;US;TX;Jasper
317af6a0edcdad183c3327ae0e4ea4c246a1686106a4e6ac2aea3a0cbb93101d;International;International;AU;Não Informado;Não Informado
5dd084dea9287c44f752f6c5284fa8c3628b3ecee4170c0fe687bb272b67d8f1;Domestic;Southern;US;AL;Saginaw
709d121cd61dfa76bbb6c637fdf7844db5a296370a734855db45de793c7ce893;Domestic;Southern;US;MS;Brookhaven
fe6f132c769148b5d2ea0f7190fb4ce68a2e3024d8c091d2eb19678da379301a;Domestic;Central;US;KS;Overland Park
bb9752a1cf0128191e62440e5a2cf8985bbc18f6f541dfb32a54a5dcd69329bd;Domestic;Central;US;IA;Des Moines
8a1e8af79b1c6dad8f4802c938fcc6ae2a1b433f057b7446a19319f8a3c4968b;International;International;UK;Não Informado;Não Informado
9d84a2a50e099d2052dc8cd212eb778359d57c9378d97dd7219abf6bc182c827;Domestic;Central;US;WI;Milwaukie
ceb222b7287f8562f364cd5b2222a374bfdfe65aa92b628f00472996bc00924d;International;International;UK;Não Informado;Valencia
a9c34a3efe47870d099762783bc83de2300d4617cf87d02156bc9f5db9c36e94;International;Canada;CA;QU;Montreal
7b498495db641452b5a5d5f1eaf3673857c0de3e4578278cab98c480765da7ce;Domestic;Southern;US;AL;Birmingham
18667e2b7f935c37eb494b8a1444ba5cd1eca23642dffd881bbc754437986950;Domestic;Central;US;MN;Eagan
e3b5d61aa60183a10b257533128d6a750941999283d4f30312636f4e2a233d95;Domestic;Western;US;UT;Salt Lake City
e12838678a4c5deeab1d1207ee03c2d4cc475e202bb106e86361435f4706f1da;Domestic;Central;US;MO;St Joseph
9be2ca9cd638aa31a2cbd733ed7a3a8f748f6f6bc6c75114177db69c69a85b78;Domestic;Southern;US;LA;Gretna
c139db184e3c562689653547b047dff0743c6ba2b8dc675bf2955f7ac3673172;Domestic;Southern;US;FL;Miami
6a82dbb9624f2770362e6e1967705a01b0e63e79c6fb5afaf17225684333182b;Domestic;Central;US;OH;Mentor
6fb1540f3f46b3174cd6ad53346890fca9fae54bfd5ac527b0cc2c662f60886f;Domestic;Central;US;IA;Pocahontas
becaddf74f031eec265d1191c90af2f7da5634095c3da6807bffdacea5bc2dfc;International;Canada;CA;BC;Surrey
83318cb8cabbea4b85d66d15b086ef88bd08adbf8a7fc997af3d0d8c95c851e3;International;International;AU;Não Informado;Furstentum
31fee368a66d172ead8d8e579912346d637f598b92c8f0f52d8ed86ac4d0d4c4;Domestic;Central;US;WI;Depere
8ab9e8a825087b4c9f4f440b9767a4c54d39256e8c68e4c9f89b0f169626ed6f;International;International;UK;Não Informado;Quito
bd0d23bbd5a6b7ecf96ffc080ea284050972c1efc555a588c0ab7e600833fd09;Domestic;Central;US;MI;Pontiac
0d47dc01e66ef2a6cebfdbc9318cef163e41c2cb41d62e8e9987b68ff0354470;International;Canada;CA;QU;Valcourt
9838c1161aea74310a535ae68fd8aca61df9b95613091c492f42579ebb5d715b;International;Canada;CA;AB;Calgary
2799f0785bb7518871501425435669a05faa638f77dbe0342a74c0f765f5d13d;Domestic;Central;US;OH;Canton
6ab1b75e57905dfadd5197c87dbc7575a903cc85e216b9117bc50523252ec121;Domestic;Central;US;SD;Andover
09e0bfbd997c2293d3b10ba917cd70a73203295a53d19c4a99c5e36307f778da;Domestic;Central;US;OH;Columbus
1e338ad11e05b1d2ddc46bd6344a2f6130bb8abc65a97b6b7d86cae61316384c;Domestic;Western;US;CA;Modesto
3e733d0174fb35800cf1a53e2291d64f63a68d8f7924780b43b7976014135b6c;Domestic;Northeast;US;MD;Frederick
8f1b6ff6959210f098cce507b04cd7b6fea93e5996bd21247d5ca807dff54a6d;Domestic;Southern;US;NC;Charlotte
6e821b867ff743f4a9669b0f0f0dd79354249e8bf4b98b7f0d1880bb7c2dba7a;Domestic;Central;US;IL;McHenry
f1f01d500a795816a8d8d061e0c106aaef37a8813998d4589bd987af1a6f0163;Domestic;Central;US;MO;Springfield
33906ae182b15fdbb09705ec68b6385a3d9f97bd4a3110b282f8face63346e9a;Domestic;Western;US;CA;Sacramento
a442b7b87b694e4952c413bc712975c4667cdee5dac6014bf4cd7e77cf8bacfa;Domestic;Western;US;CA;North Highlands
5c8de9cbd722568835aa94c9b861b4d5bf1e7b1648bdcb204f07daa5ae187505;International;Canada;CA;ON;Toronto
6c47b73fe7d20e898486f11b2f9366187b3e99454ea807c6005286bfb46a81a1;Domestic;Northeast;US;VA;Richmond
4ed656e033873f74b1a624e145b89add396c46f51f866711e8f1ef36e911e380;Domestic;Central;US;MI;Dearborn
e50918155ac9e0cd2599499ede40f299e1f9ced687f2827e5f5fa834ebb7b7da;International;International;UK;Não Informado;Dubai
13b22ee78b4b00bff436b0deb6058e7356f71ea920d30ba06adaa6dd654c6b4f;Domestic;Western;US;OR;Clackamas
73f8e4547b71490f9fb39899821cd3a1c121be1ccf97d23bbb8808cfc49ce8d5;Domestic;Southern;US;OK;Oklahoma City
11c55511982f740ff1e03279c72caeff8c925082a5ba4b9b4a40e806e8029930;Domestic;Western;US;CA;Oakland
8c1ae8b3dab4bf8466096feeecd7c5fe69639f3ce88433f25313b609a1c22a85;Domestic;Western;US;CA;Brea
079b4ca3ba15561a734d2d75327cab8dcf9154e7246f92fd55d9fd8ec6dfb3af;Domestic;Central;US;MN;Thief River Falls
4ef8b2565f2bb29a85f4c9cc119cf10ad225f43677f05fb65a4bae7140d86bf8;Domestic;Central;US;MI;Pontiac
a9c9c5e8f88e00e8e0f3cbffbd250990bb721a9ba74510c26b55ca87aaac953a;Domestic;Central;US;MN;St Louis Park
4d812c311197cae3ba67a11b55b4e9db6b8797fd6845e1c5135357e0a57d60c4;Domestic;Western;US;CA;Hayward
55fa0b335903e19b6679fe74dfb165ac22bf577ad96a65223cfedac917d79643;Domestic;Central;US;MI;Flint
aaed6053f0029f6105b91c69b3d9f85608ec97a3eb7674b54a526751d77e5521;Domestic;Central;US;WI;Janesville
dc709ea0ffb035baadd2557edab4112806f80b12ddcc03061806fc9a78bac3ed;International;International;AU;Não Informado;Jeddah
